{"Version":1,"ManifestType":"Publish","Endpoints":[{"Route":"uploads/item-covers/f27cfd80-5e24-4185-bdeb-16f8cad6d1b0/9a38d57b-b448-4eb8-aaab-bbf78d00446e.50p8kfulq3.png","AssetFile":"uploads/item-covers/f27cfd80-5e24-4185-bdeb-16f8cad6d1b0/9a38d57b-b448-4eb8-aaab-bbf78d00446e.png","Selectors":[],"ResponseHeaders":[{"Name":"Cache-Control","Value":"max-age=31536000, immutable"},{"Name":"Content-Length","Value":"70"},{"Name":"Content-Type","Value":"image/png"},{"Name":"ETag","Value":"\"a3+kNPkqi4CqsC2b8aEuSf/K5CTkATocT2i2fj0rvNA=\""},{"Name":"Last-Modified","Value":"Thu, 12 Feb 2026 16:44:03 GMT"}],"EndpointProperties":[{"Name":"fingerprint","Value":"50p8kfulq3"},{"Name":"integrity","Value":"sha256-a3+kNPkqi4CqsC2b8aEuSf/K5CTkATocT2i2fj0rvNA="},{"Name":"label","Value":"uploads/item-covers/f27cfd80-5e24-4185-bdeb-16f8cad6d1b0/9a38d57b-b448-4eb8-aaab-bbf78d00446e.png"}]},{"Route":"uploads/item-covers/f27cfd80-5e24-4185-bdeb-16f8cad6d1b0/9a38d57b-b448-4eb8-aaab-bbf78d00446e.png","AssetFile":"uploads/item-covers/f27cfd80-5e24-4185-bdeb-16f8cad6d1b0/9a38d57b-b448-4eb8-aaab-bbf78d00446e.png","Selectors":[],"ResponseHeaders":[{"Name":"Cache-Control","Value":"max-age=3600, must-revalidate"},{"Name":"Content-Length","Value":"70"},{"Name":"Content-Type","Value":"image/png"},{"Name":"ETag","Value":"\"a3+kNPkqi4CqsC2b8aEuSf/K5CTkATocT2i2fj0rvNA=\""},{"Name":"Last-Modified","Value":"Thu, 12 Feb 2026 16:44:03 GMT"}],"EndpointProperties":[{"Name":"integrity","Value":"sha256-a3+kNPkqi4CqsC2b8aEuSf/K5CTkATocT2i2fj0rvNA="}]},{"Route":"uploads/item-covers/f27cfd80-5e24-4185-bdeb-16f8cad6d1b0/bb490499-2811-4768-9040-cb7fc07ff269.50p8kfulq3.png","AssetFile":"uploads/item-covers/f27cfd80-5e24-4185-bdeb-16f8cad6d1b0/bb490499-2811-4768-9040-cb7fc07ff269.png","Selectors":[],"ResponseHeaders":[{"Name":"Cache-Control","Value":"max-age=31536000, immutable"},{"Name":"Content-Length","Value":"70"},{"Name":"Content-Type","Value":"image/png"},{"Name":"ETag","Value":"\"a3+kNPkqi4CqsC2b8aEuSf/K5CTkATocT2i2fj0rvNA=\""},{"Name":"Last-Modified","Value":"Thu, 12 Feb 2026 16:44:00 GMT"}],"EndpointProperties":[{"Name":"fingerprint","Value":"50p8kfulq3"},{"Name":"integrity","Value":"sha256-a3+kNPkqi4CqsC2b8aEuSf/K5CTkATocT2i2fj0rvNA="},{"Name":"label","Value":"uploads/item-covers/f27cfd80-5e24-4185-bdeb-16f8cad6d1b0/bb490499-2811-4768-9040-cb7fc07ff269.png"}]},{"Route":"uploads/item-covers/f27cfd80-5e24-4185-bdeb-16f8cad6d1b0/bb490499-2811-4768-9040-cb7fc07ff269.png","AssetFile":"uploads/item-covers/f27cfd80-5e24-4185-bdeb-16f8cad6d1b0/bb490499-2811-4768-9040-cb7fc07ff269.png","Selectors":[],"ResponseHeaders":[{"Name":"Cache-Control","Value":"max-age=3600, must-revalidate"},{"Name":"Content-Length","Value":"70"},{"Name":"Content-Type","Value":"image/png"},{"Name":"ETag","Value":"\"a3+kNPkqi4CqsC2b8aEuSf/K5CTkATocT2i2fj0rvNA=\""},{"Name":"Last-Modified","Value":"Thu, 12 Feb 2026 16:44:00 GMT"}],"EndpointProperties":[{"Name":"integrity","Value":"sha256-a3+kNPkqi4CqsC2b8aEuSf/K5CTkATocT2i2fj0rvNA="}]}]}